image_name,path,date_time,localisation,keywords,categories
IMG_20241228_124125_1.jpg,photos_victor\IMG_20241228_124125_1.jpg,2024:12:28 12:41:25,"{1: 'N', 2: (40.0, 44.0, 10.13), 3: 'W', 4: (73.0, 59.0, 21.91), 5: b'\x01', 6: 19.1, 7: (17.0, 41.0, 19.0), 27: b'ASCII\x00\x00\x00CELLID\x00', 29: '2024:12:28'}","['Pluie', 'Rue', 'Vélo', 'Bâtiments', 'Ville']",Ville
IMG_20241228_124128.jpg,photos_victor\IMG_20241228_124128.jpg,2024:12:28 12:41:29,"{1: 'N', 2: (40.0, 44.0, 9.92), 3: 'W', 4: (73.0, 59.0, 21.88), 5: b'\x01', 6: 19.1, 7: (17.0, 41.0, 24.0), 27: b'ASCII\x00\x00\x00CELLID\x00', 29: '2024:12:28'}","['Pluie', 'Bitume', 'Bâtiments', 'Passerelle', 'Ville']",Ville
IMG_20241228_124135.jpg,photos_victor\IMG_20241228_124135.jpg,2024:12:28 12:41:36,"{1: 'N', 2: (40.0, 44.0, 9.92), 3: 'W', 4: (73.0, 59.0, 21.88), 5: b'\x01', 6: 19.1, 7: (17.0, 41.0, 24.0), 27: b'ASCII\x00\x00\x00CELLID\x00', 29: '2024:12:28'}","['vélo', 'circulation', 'immeuble', 'pluie', 'ville']",Ville
IMG_20241228_124137.jpg,photos_victor\IMG_20241228_124137.jpg,2024:12:28 12:41:37,"{1: 'N', 2: (40.0, 44.0, 9.92), 3: 'W', 4: (73.0, 59.0, 21.88), 5: b'\x01', 6: 19.1, 7: (17.0, 41.0, 24.0), 27: b'ASCII\x00\x00\x00CELLID\x00', 29: '2024:12:28'}","['Cycliste', 'Rue', 'Bâtiments', 'Pluie', 'Ville']",Ville
IMG_20241228_124140.jpg,photos_victor\IMG_20241228_124140.jpg,2024:12:28 12:41:40,"{1: 'N', 2: (40.0, 44.0, 9.85), 3: 'W', 4: (73.0, 59.0, 22.09), 5: b'\x01', 6: 19.1, 7: (17.0, 41.0, 37.0), 27: b'ASCII\x00\x00\x00CELLID\x00', 29: '2024:12:28'}","['Bitume', 'Vélo', 'Étoiles', 'Bâtiments', 'Ville']",Ville
IMG_20241228_124648.jpg,photos_victor\IMG_20241228_124648.jpg,2024:12:28 12:46:48,"{1: 'N', 2: (40.0, 44.0, 6.82), 3: 'W', 4: (73.0, 59.0, 9.61), 5: b'\x01', 6: 29.234, 7: (17.0, 46.0, 47.0), 27: b'ASCII\x00\x00\x00GPS\x00', 29: '2024:12:28'}","['Vitrine', 'Bâtiment', 'Blanc', 'Boutique', 'Éléments']",Autres
IMG_20241228_132157.jpg,photos_victor\IMG_20241228_132157.jpg,2024:12:28 13:21:57,"{1: 'N', 2: (40.0, 44.0, 7.19), 3: 'W', 4: (73.0, 59.0, 9.85), 5: b'\x01', 6: 22.2, 7: (18.0, 21.0, 53.0), 27: b'ASCII\x00\x00\x00CELLID\x00', 29: '2024:12:28'}","['glace', 'chocolat', 'tartelette', 'dessert', 'assiette']",Repas
IMG_20241228_141921.jpg,photos_victor\IMG_20241228_141921.jpg,2024:12:28 14:19:22,"{1: 'N', 2: (40.0, 44.0, 6.6), 3: 'W', 4: (73.0, 59.0, 9.79), 5: b'\x01', 6: 22.0, 7: (19.0, 19.0, 8.0), 27: b'ASCII\x00\x00\x00CELLID\x00', 29: '2024:12:28'}","['Tourisme', 'New York', 'Deux personnes', 'Passants', 'Signalisation']",Tourisme
IMG_20241229_123811.jpg,photos_victor\IMG_20241229_123811.jpg,2024:12:29 12:38:11,"{1: 'N', 2: (40.0, 46.0, 9.54), 3: 'W', 4: (74.0, 0.0, 29.38), 5: b'\x00', 6: 0.0, 7: (17.0, 38.0, 8.0), 27: b'ASCII\x00\x00\x00CELLID\x00', 29: '2024:12:29'}","['Avion', 'Exposition', 'Salle', 'Blanc', 'Échelle']",Avion
IMG_20241229_123828.jpg,photos_victor\IMG_20241229_123828.jpg,2024:12:29 12:38:28,"{1: 'N', 2: (40.0, 46.0, 9.54), 3: 'W', 4: (74.0, 0.0, 29.38), 5: b'\x00', 6: 0.0, 7: (17.0, 38.0, 28.0), 27: b'ASCII\x00\x00\x00CELLID\x00', 29: '2024:12:29'}","['Avion', 'Aile', 'Échafaudage', 'Maintenance', 'Structure']",Avion
IMG_20241229_123844.jpg,photos_victor\IMG_20241229_123844.jpg,2024:12:29 12:38:44,"{1: 'N', 2: (40.0, 46.0, 9.54), 3: 'W', 4: (74.0, 0.0, 29.38), 5: b'\x00', 6: 0.0, 7: (17.0, 38.0, 28.0), 27: b'ASCII\x00\x00\x00CELLID\x00', 29: '2024:12:29'}","['Avion', 'Naval', 'Exposition', 'Sol', 'Retour']",Avion
IMG_20241229_124813.jpg,photos_victor\IMG_20241229_124813.jpg,2024:12:29 12:48:14,"{1: 'N', 2: (40.0, 46.0, 4.46), 3: 'W', 4: (73.0, 59.0, 45.75), 5: b'\x00', 6: 0.0, 7: (17.0, 48.0, 9.0), 27: b'ASCII\x00\x00\x00CELLID\x00', 29: '2024:12:29'}","['Canon', 'Armement', 'Militaire', 'Installation', 'Équipement']",Avion
IMG_20241229_124828.jpg,photos_victor\IMG_20241229_124828.jpg,2024:12:29 12:48:29,"{1: 'N', 2: (40.0, 46.0, 4.46), 3: 'W', 4: (73.0, 59.0, 45.75), 5: b'\x00', 6: 0.0, 7: (17.0, 48.0, 9.0), 27: b'ASCII\x00\x00\x00CELLID\x00', 29: '2024:12:29'}","['Radar', 'Plateforme', 'Échelle', 'New York', 'Navire']",Autres
IMG_20241229_125737.jpg,photos_victor\IMG_20241229_125737.jpg,2024:12:29 12:57:38,"{1: 'N', 2: (40.0, 46.0, 4.46), 3: 'W', 4: (73.0, 59.0, 45.75), 5: b'\x00', 6: 0.0, 7: (17.0, 57.0, 28.0), 27: b'ASCII\x00\x00\x00CELLID\x00', 29: '2024:12:29'}","['avion', 'bateau', 'New York', 'démonstration', 'vol']",Autres
IMG_20241229_125929.jpg,photos_victor\IMG_20241229_125929.jpg,2024:12:29 12:59:30,"{1: 'N', 2: (40.0, 46.0, 4.46), 3: 'W', 4: (73.0, 59.0, 45.75), 5: b'\x00', 6: 0.0, 7: (17.0, 59.0, 18.0), 27: b'ASCII\x00\x00\x00CELLID\x00', 29: '2024:12:29'}","['Navire', 'Pont', 'Spectateurs', 'Équipement', 'Horizon']",Autres
IMG_20241229_130006.jpg,photos_victor\IMG_20241229_130006.jpg,2024:12:29 13:00:06,"{1: 'N', 2: (40.0, 46.0, 4.46), 3: 'W', 4: (73.0, 59.0, 45.75), 5: b'\x00', 6: 0.0, 7: (17.0, 59.0, 58.0), 27: b'ASCII\x00\x00\x00CELLID\x00', 29: '2024:12:29'}","['Pont', 'Navire', 'Grillage', 'Ville', 'Bateau']",Autres
IMG_20241229_130244.jpg,photos_victor\IMG_20241229_130244.jpg,2024:12:29 13:02:45,"{1: 'N', 2: (40.0, 45.0, 45.05), 3: 'W', 4: (74.0, 0.0, 5.58), 5: b'\x00', 6: 0.0, 7: (18.0, 2.0, 44.0), 27: b'ASCII\x00\x00\x00CELLID\x00', 29: '2024:12:29'}","['Navire', 'Avion', 'Visiteurs', 'Pont', 'Marine']",Ville
IMG_20241229_130249.jpg,photos_victor\IMG_20241229_130249.jpg,2024:12:29 13:02:50,"{1: 'N', 2: (40.0, 45.0, 45.05), 3: 'W', 4: (74.0, 0.0, 5.58), 5: b'\x00', 6: 0.0, 7: (18.0, 2.0, 44.0), 27: b'ASCII\x00\x00\x00CELLID\x00', 29: '2024:12:29'}","['Avions', 'Port', 'Marins', 'Ville', 'Éclairage']",Autres
IMG_20241229_130430.jpg,photos_victor\IMG_20241229_130430.jpg,2024:12:29 13:04:30,"{1: 'N', 2: (40.0, 45.0, 45.05), 3: 'W', 4: (74.0, 0.0, 5.58), 5: b'\x00', 6: 0.0, 7: (18.0, 4.0, 18.0), 27: b'ASCII\x00\x00\x00CELLID\x00', 29: '2024:12:29'}","['Transport', 'Navire', 'Grümman', 'Radar', 'Vietnam']",Autres
IMG_20241229_130435.jpg,photos_victor\IMG_20241229_130435.jpg,2024:12:29 13:04:35,"{1: 'N', 2: (40.0, 45.0, 45.05), 3: 'W', 4: (74.0, 0.0, 5.58), 5: b'\x00', 6: 0.0, 7: (18.0, 4.0, 18.0), 27: b'ASCII\x00\x00\x00CELLID\x00', 29: '2024:12:29'}","['avion', 'jet', 'New York', 'spectateurs', 'pont']",Exposition
IMG_20241229_130635.jpg,photos_victor\IMG_20241229_130635.jpg,2024:12:29 13:06:35,"{1: 'N', 2: (40.0, 45.0, 45.05), 3: 'W', 4: (74.0, 0.0, 5.58), 5: b'\x00', 6: 0.0, 7: (18.0, 6.0, 18.0), 27: b'ASCII\x00\x00\x00CELLID\x00', 29: '2024:12:29'}","['Avion', 'Naval', 'Port', 'Planeur', 'Roues']",Exposition
IMG_20241229_130721.jpg,photos_victor\IMG_20241229_130721.jpg,2024:12:29 13:07:22,"{1: 'N', 2: (40.0, 46.0, 4.46), 3: 'W', 4: (73.0, 59.0, 45.75), 5: b'\x00', 6: 0.0, 7: (18.0, 7.0, 19.0), 27: b'ASCII\x00\x00\x00CELLID\x00', 29: '2024:12:29'}","['avion', 'super-tomcat', 'ciel', 'immeubles', 'exposition']",Paysage
IMG_20250105_142604.jpg,photos_victor\IMG_20250105_142604.jpg,2025:01:05 14:26:05,"{1: 'N', 2: (46.0, 48.0, 43.69), 3: 'W', 4: (71.0, 12.0, 17.52), 5: b'\x00', 6: 37.599, 7: (19.0, 25.0, 46.0), 27: b'ASCII\x00\x00\x00CELLID\x00', 29: '2025:01:05'}","['cheminée', 'sapin', 'décoration', 'salon', 'miroir']",Salon
IMG_20250105_142818.jpg,photos_victor\IMG_20250105_142818.jpg,2025:01:05 14:28:18,"{1: 'N', 2: (46.0, 48.0, 43.74), 3: 'W', 4: (71.0, 12.0, 17.6), 5: b'\x00', 6: 37.599, 7: (19.0, 28.0, 6.0), 27: b'ASCII\x00\x00\x00CELLID\x00', 29: '2025:01:05'}","['Tambour', 'Rouge', 'Salon', 'Personne', 'Décoration']",Salon
IMG_20250105_144147.jpg,photos_victor\IMG_20250105_144147.jpg,2025:01:05 14:41:47,"{1: 'N', 2: (46.0, 48.0, 43.43), 3: 'W', 4: (71.0, 12.0, 19.53), 5: b'\x00', 6: 33.7, 7: (19.0, 41.0, 48.0), 27: b'ASCII\x00\x00\x00CELLID\x00', 29: '2025:01:05'}","['Salon', 'Horloge', 'Plantes', 'Tables', 'Marbre']",Salon
IMG_20250105_144436.jpg,photos_victor\IMG_20250105_144436.jpg,2025:01:05 14:44:36,"{1: 'N', 2: (46.0, 48.0, 43.43), 3: 'W', 4: (71.0, 12.0, 19.53), 5: b'\x00', 6: 34.5, 7: (19.0, 44.0, 36.0), 27: b'ASCII\x00\x00\x00CELLID\x00', 29: '2025:01:05'}","['escalier', 'miroir', 'crinoline', 'chandellier', 'salle']",Salon
IMG_20250105_144540.jpg,photos_victor\IMG_20250105_144540.jpg,2025:01:05 14:45:40,"{1: 'N', 2: (46.0, 48.0, 43.31), 3: 'W', 4: (71.0, 12.0, 20.08), 5: b'\x00', 6: 35.099, 7: (19.0, 45.0, 29.0), 27: b'ASCII\x00\x00\x00CELLID\x00', 29: '2025:01:05'}","['Visiteurs', 'Salon', 'Éclairage', 'Carrelage', 'Déambulation']",Salon
IMG_20250105_144750.jpg,photos_victor\IMG_20250105_144750.jpg,2025:01:05 14:47:50,"{1: 'N', 2: (46.0, 48.0, 43.31), 3: 'W', 4: (71.0, 12.0, 20.25), 5: b'\x00', 6: 35.099, 7: (19.0, 47.0, 30.0), 27: b'ASCII\x00\x00\x00CELLID\x00', 29: '2025:01:05'}","['Chandelle', 'Ornement', 'Vitres', 'Salon', 'Éclairage']",Neige
IMG_20250105_145543_BURST1.jpg,photos_victor\IMG_20250105_145543_BURST1.jpg,2025:01:05 14:55:42,"{1: 'N', 2: (46.0, 48.0, 43.17), 3: 'W', 4: (71.0, 12.0, 19.66), 5: b'\x00', 6: 34.2, 7: (19.0, 55.0, 42.0), 27: b'ASCII\x00\x00\x00CELLID\x00', 29: '2025:01:05'}","['plafond', 'doré', 'ornement', 'candelabre', 'salon']",Salon
IMG_20250105_150144.jpg,photos_victor\IMG_20250105_150144.jpg,2025:01:05 15:01:45,"{1: 'N', 2: (46.0, 48.0, 43.33), 3: 'W', 4: (71.0, 12.0, 19.84), 5: b'\x00', 6: 33.4, 7: (20.0, 1.0, 44.0), 27: b'ASCII\x00\x00\x00CELLID\x00', 29: '2025:01:05'}","['escalier', 'chandelle', 'parquet', 'bâtiment', 'fenêtres']",Salon
IMG_20250105_150831.jpg,photos_victor\IMG_20250105_150831.jpg,2025:01:05 15:08:32,"{1: 'N', 2: (46.0, 48.0, 43.99), 3: 'W', 4: (71.0, 12.0, 18.26), 5: b'\x00', 6: 30.3, 7: (20.0, 8.0, 28.0), 27: b'ASCII\x00\x00\x00CELLID\x00', 29: '2025:01:05'}","['Dîner', 'Assiettes', 'Table', 'Étagères', 'Redon']",Repas
IMG_20250105_150850.jpg,photos_victor\IMG_20250105_150850.jpg,2025:01:05 15:08:50,"{1: 'N', 2: (46.0, 48.0, 43.9), 3: 'W', 4: (71.0, 12.0, 18.06), 5: b'\x00', 6: 30.3, 7: (20.0, 8.0, 48.0), 27: b'ASCII\x00\x00\x00CELLID\x00', 29: '2025:01:05'}","['Dîner', 'Verres', 'Table', 'Costumes', 'Salon']",Repas
IMG_20250105_151136.jpg,photos_victor\IMG_20250105_151136.jpg,2025:01:05 15:11:36,"{1: 'N', 2: (46.0, 48.0, 43.89), 3: 'W', 4: (71.0, 12.0, 17.85), 5: b'\x00', 6: 30.3, 7: (20.0, 11.0, 29.0), 27: b'ASCII\x00\x00\x00CELLID\x00', 29: '2025:01:05'}","['Vin', 'Bouteille', 'Carte', 'Restaurant', 'France']",Repas
IMG_20250105_151214.jpg,photos_victor\IMG_20250105_151214.jpg,2025:01:05 15:12:14,"{1: 'N', 2: (46.0, 48.0, 43.36), 3: 'W', 4: (71.0, 12.0, 17.58), 5: b'\x00', 6: 30.3, 7: (20.0, 12.0, 9.0), 27: b'ASCII\x00\x00\x00CELLID\x00', 29: '2025:01:05'}","['escalier', 'arbres', 'éclairage', 'marbre', 'entrée']",Salon
IMG_20250105_151457.jpg,photos_victor\IMG_20250105_151457.jpg,2025:01:05 15:14:57,"{1: 'N', 2: (46.0, 48.0, 43.47), 3: 'W', 4: (71.0, 12.0, 17.83), 5: b'\x00', 6: 33.2, 7: (20.0, 14.0, 50.0), 27: b'ASCII\x00\x00\x00CELLID\x00', 29: '2025:01:05'}","['Lys', 'Peinture', 'Fond', 'Couleurs', 'Mur']",Exposition
IMG_20250105_151458.jpg,photos_victor\IMG_20250105_151458.jpg,2025:01:05 15:14:58,"{1: 'N', 2: (46.0, 48.0, 43.47), 3: 'W', 4: (71.0, 12.0, 17.83), 5: b'\x00', 6: 33.2, 7: (20.0, 14.0, 50.0), 27: b'ASCII\x00\x00\x00CELLID\x00', 29: '2025:01:05'}","['Callas', 'Peinture', 'Fond', 'Couleurs', 'Mur']",Exposition
IMG_20250105_161636.jpg,photos_victor\IMG_20250105_161636.jpg,2025:01:05 16:16:36,"{1: 'N', 2: (46.0, 48.0, 48.99), 3: 'W', 4: (71.0, 12.0, 11.3), 5: b'\x01', 6: 14.5, 7: (21.0, 16.0, 31.0), 27: b'ASCII\x00\x00\x00CELLID\x00', 29: '2025:01:05'}","['Téléphérique', 'Neige', 'Québec', 'Sellières', 'Montagne']",Ville
IMG_20250105_165438.jpg,photos_victor\IMG_20250105_165438.jpg,2025:01:05 16:54:39,"{1: 'N', 2: (46.0, 48.0, 44.34), 3: 'W', 4: (71.0, 12.0, 12.05), 5: b'\x01', 6: 21.2, 7: (21.0, 54.0, 41.0), 27: b'ASCII\x00\x00\x00CELLID\x00', 29: '2025:01:05'}","['Ruelles enneigées', 'Guirlandes lumineuses', 'Personnes observent', 'Architecture ancienne', 'Décorations de Noël']",Ville
IMG_20250105_165450.jpg,photos_victor\IMG_20250105_165450.jpg,2025:01:05 16:54:51,"{1: 'N', 2: (46.0, 48.0, 44.58), 3: 'W', 4: (71.0, 12.0, 11.98), 5: b'\x01', 6: 20.4, 7: (21.0, 54.0, 52.0), 27: b'ASCII\x00\x00\x00CELLID\x00', 29: '2025:01:05'}","['Étoile lumineuse', 'Décoration hivernale', 'Façade commerçante', 'Ville illuminée', 'Pot de fleurs']",Autres
IMG_20250105_165457.jpg,photos_victor\IMG_20250105_165457.jpg,2025:01:05 16:54:58,"{1: 'N', 2: (46.0, 48.0, 44.62), 3: 'W', 4: (71.0, 12.0, 12.01), 5: b'\x01', 6: 17.5, 7: (21.0, 54.0, 57.0), 27: b'ASCII\x00\x00\x00CELLID\x00', 29: '2025:01:05'}","['Étoile', 'Guirlandes', 'Sacré-Cœur', 'Terrasse', 'Ville']",Autres
IMG_20250107_180316.jpg,photos_victor\IMG_20250107_180316.jpg,2025:01:07 18:03:17,"{1: 'N', 2: (48.0, 25.0, 18.32), 3: 'W', 4: (71.0, 3.0, 14.16), 5: b'\x00', 6: 56.899, 7: (23.0, 3.0, 15.0), 27: b'ASCII\x00\x00\x00CELLID\x00', 29: '2025:01:07'}","['chemin enneigé', 'branches nues', 'forêt sombre', 'traces de pas', 'neige profonde']",Paysage
IMG_20250108_143517.jpg,photos_victor\IMG_20250108_143517.jpg,2025:01:08 14:35:18,"{1: 'N', 2: (48.0, 24.0, 57.39), 3: 'W', 4: (71.0, 2.0, 46.71), 5: b'\x00', 6: 66.5, 7: (19.0, 35.0, 21.0), 27: b'ASCII\x00\x00\x00CELLID\x00', 29: '2025:01:08'}","['burger', 'frites', 'assiette', 'restaurant', 'nourriture']",Restaurant
IMG_20250109_174849.jpg,photos_victor\IMG_20250109_174849.jpg,2025:01:09 17:48:49,"{1: 'N', 2: (48.0, 25.0, 33.31), 3: 'W', 4: (71.0, 4.0, 13.44), 5: b'\x00', 6: 0.0, 7: (22.0, 48.0, 47.0), 27: b'ASCII\x00\x00\x00CELLID\x00', 29: '2025:01:09'}","['bières', 'étagères', 'canettes', 'pub', 'colorées']",Bar
IMG_20250110_163528.jpg,photos_victor\IMG_20250110_163528.jpg,2025:01:10 16:35:29,"{1: 'N', 2: (48.0, 24.0, 59.05), 3: 'W', 4: (71.0, 2.0, 43.08), 5: b'\x00', 6: 60.936, 7: (21.0, 35.0, 31.0), 27: b'ASCII\x00\x00\x00GPS\x00', 29: '2025:01:10'}","['Microbrasserie', 'Fenêtre', 'Personnes', 'Reflet', 'Bar']",Autres
IMG_20250110_164345.jpg,photos_victor\IMG_20250110_164345.jpg,2025:01:10 16:43:46,"{1: 'N', 2: (48.0, 24.0, 59.88), 3: 'W', 4: (71.0, 2.0, 44.46), 5: b'\x00', 6: 0.0, 7: (21.0, 43.0, 43.0), 27: b'ASCII\x00\x00\x00CELLID\x00', 29: '2025:01:10'}","['Bière', 'Verre', 'Bar', 'Ébullition', 'Champagne']",Repas
IMG_20250111_152149.jpg,photos_victor\IMG_20250111_152149.jpg,2025:01:11 15:21:49,"{1: 'N', 2: (48.0, 24.0, 18.55), 3: 'W', 4: (71.0, 3.0, 24.87), 5: b'\x00', 6: 0.0, 7: (20.0, 21.0, 33.0), 27: b'ASCII\x00\x00\x00CELLID\x00', 29: '2025:01:11'}","['ski', 'neige', 'montagne', 'skieurs', 'hiver']",Ski
IMG_20250111_152150.jpg,photos_victor\IMG_20250111_152150.jpg,2025:01:11 15:21:50,"{1: 'N', 2: (48.0, 24.0, 18.55), 3: 'W', 4: (71.0, 3.0, 24.87), 5: b'\x00', 6: 0.0, 7: (20.0, 21.0, 33.0), 27: b'ASCII\x00\x00\x00CELLID\x00', 29: '2025:01:11'}","['ski', 'neige', 'montagne', 'ski', 'personnes']",Autres
IMG_20250111_154046.jpg,photos_victor\IMG_20250111_154046.jpg,2025:01:11 15:40:46,"{1: 'N', 2: (48.0, 23.0, 22.08), 3: 'W', 4: (71.0, 2.0, 40.32), 5: b'\x00', 6: 0.0, 7: (20.0, 40.0, 32.0), 27: b'ASCII\x00\x00\x00CELLID\x00', 29: '2025:01:11'}","['ski', 'montagne', 'neige', 'groupe', 'selfie']",Autres
IMG_20250113_143633.jpg,photos_victor\IMG_20250113_143633.jpg,2025:01:13 14:36:33,"{1: 'N', 2: (48.0, 23.0, 1.02), 3: 'W', 4: (71.0, 4.0, 59.88), 5: b'\x00', 6: 116.699, 7: (19.0, 36.0, 28.0), 27: b'ASCII\x00\x00\x00CELLID\x00', 29: '2025:01:13'}","['courses', 'panier', 'volaille', 'produits', 'supermarché']",Bar
IMG_20250113_143716.jpg,photos_victor\IMG_20250113_143716.jpg,2025:01:13 14:37:16,"{1: 'N', 2: (48.0, 23.0, 0.75), 3: 'W', 4: (71.0, 4.0, 59.58), 5: b'\x00', 6: 116.699, 7: (19.0, 36.0, 59.0), 27: b'ASCII\x00\x00\x00CELLID\x00', 29: '2025:01:13'}","['courses', 'poivrons', 'fruits', 'panier', 'supermarché']",Autres
IMG_20250113_145037.jpg,photos_victor\IMG_20250113_145037.jpg,2025:01:13 14:50:37,"{1: 'N', 2: (48.0, 23.0, 0.4), 3: 'W', 4: (71.0, 5.0, 0.24), 5: b'\x00', 6: 116.599, 7: (19.0, 50.0, 31.0), 27: b'ASCII\x00\x00\x00CELLID\x00', 29: '2025:01:13'}","['supermarché', 'haricot verts', 'bio', 'paquet', 'produits']",Autres
IMG_20250113_150228.jpg,photos_victor\IMG_20250113_150228.jpg,2025:01:13 15:02:29,"{1: 'N', 2: (48.0, 22.0, 59.35), 3: 'W', 4: (71.0, 5.0, 1.62), 5: b'\x00', 6: 116.699, 7: (20.0, 2.0, 26.0), 27: b'ASCII\x00\x00\x00CELLID\x00', 29: '2025:01:13'}","['panier', 'supermarché', 'produits', 'macarons', 'marcher']",Autres
IMG_20250113_201010.jpg,photos_victor\IMG_20250113_201010.jpg,2025:01:13 20:10:11,"{1: 'N', 2: (48.0, 25.0, 30.81), 3: 'W', 4: (71.0, 4.0, 2.26), 5: b'\x00', 6: 7.8, 7: (1.0, 10.0, 8.0), 27: b'ASCII\x00\x00\x00CELLID\x00', 29: '2025:01:14'}","['plat', 'champignons', 'riz', 'assiette', 'texture']",Autres
IMG_20250114_193654.jpg,photos_victor\IMG_20250114_193654.jpg,2025:01:14 19:36:55,{},"['hamburger', 'pain', 'fromage', 'vert', 'table']",Autres
IMG_20250117_131914.jpg,photos_victor\IMG_20250117_131914.jpg,2025:01:17 13:19:15,{},"['Poulet', 'Sauce', 'Riz', 'Chou-fleur', 'Assiette']",Repas
IMG_20250118_185321.jpg,photos_victor\IMG_20250118_185321.jpg,2025:01:18 18:53:22,"{1: 'N', 2: (48.0, 24.0, 57.28), 3: 'W', 4: (71.0, 2.0, 46.87), 5: b'\x00', 6: 66.8, 7: (23.0, 53.0, 17.0), 27: b'ASCII\x00\x00\x00CELLID\x00', 29: '2025:01:18'}","['pizza', 'spaghetti', 'plateau', 'tomate', 'restaurant']",Autres
IMG_20250119_131124_BURST1.jpg,photos_victor\IMG_20250119_131124_BURST1.jpg,2025:01:19 13:11:23,"{1: 'N', 2: (48.0, 25.0, 0.36), 3: 'W', 4: (71.0, 3.0, 52.35), 5: b'\x00', 6: 66.871, 7: (18.0, 11.0, 21.0), 27: b'ASCII\x00\x00\x00GPS\x00', 29: '2025:01:19'}","['neige', 'arbres', 'chemin', 'bouclier', 'hiver']",Neige
IMG_20250119_131214_BURST1.jpg,photos_victor\IMG_20250119_131214_BURST1.jpg,2025:01:19 13:12:13,"{1: 'N', 2: (48.0, 25.0, 3.5), 3: 'W', 4: (71.0, 3.0, 46.03), 5: b'\x00', 6: 57.632, 7: (18.0, 12.0, 11.0), 27: b'ASCII\x00\x00\x00GPS\x00', 29: '2025:01:19'}","['neige', 'cheminée', 'arbre', 'hiver', 'terrain']",Autres
IMG_20250119_131317.jpg,photos_victor\IMG_20250119_131317.jpg,2025:01:19 13:13:18,"{1: 'N', 2: (48.0, 25.0, 5.47), 3: 'W', 4: (71.0, 3.0, 47.65), 5: b'\x00', 6: 55.899, 7: (18.0, 13.0, 7.0), 27: b'ASCII\x00\x00\x00CELLID\x00', 29: '2025:01:19'}","['Panneau', 'Mur', 'Blanc', 'Porte', 'Signalisation']",Ville
IMG_20250119_131334_BURST1.jpg,photos_victor\IMG_20250119_131334_BURST1.jpg,2025:01:19 13:13:33,"{1: 'N', 2: (48.0, 25.0, 0.34), 3: 'W', 4: (71.0, 4.0, 2.87), 5: b'\x00', 6: 51.099, 7: (18.0, 13.0, 28.0), 27: b'ASCII\x00\x00\x00CELLID\x00', 29: '2025:01:19'}","['Neige', 'Sled', 'Parc', 'Arbres', 'Personnes']",Ski
IMG_20250119_131335.jpg,photos_victor\IMG_20250119_131335.jpg,2025:01:19 13:13:35,"{1: 'N', 2: (48.0, 25.0, 0.34), 3: 'W', 4: (71.0, 4.0, 2.87), 5: b'\x00', 6: 51.099, 7: (18.0, 13.0, 28.0), 27: b'ASCII\x00\x00\x00CELLID\x00', 29: '2025:01:19'}","['Neige', 'Sled', 'Parc', 'Personnes', 'Froid']",Ski
IMG_20250119_131815_BURST1.jpg,photos_victor\IMG_20250119_131815_BURST1.jpg,2025:01:19 13:18:14,"{1: 'N', 2: (48.0, 25.0, 0.86), 3: 'W', 4: (71.0, 4.0, 3.32), 5: b'\x00', 6: 51.099, 7: (18.0, 18.0, 12.0), 27: b'ASCII\x00\x00\x00CELLID\x00', 29: '2025:01:19'}","['pente enneigée', 'arbres boisés', 'débris végétaux', 'chemin enneigé', 'forêt hivernale']",Autres
IMG_20250122_093940.jpg,photos_victor\IMG_20250122_093940.jpg,2025:01:22 09:39:41,"{1: 'N', 2: (48.0, 25.0, 30.81), 3: 'W', 4: (71.0, 4.0, 2.12), 5: b'\x01', 6: 19.6, 7: (14.0, 39.0, 39.0), 27: b'ASCII\x00\x00\x00CELLID\x00', 29: '2025:01:22'}","['thermomètre', 'blanc', 'intérieur', 'affichage', 'digital']",Digital
IMG_20250122_155558.jpg,photos_victor\IMG_20250122_155558.jpg,2025:01:22 15:55:59,"{1: 'N', 2: (48.0, 24.0, 22.71), 3: 'W', 4: (71.0, 3.0, 13.79), 5: b'\x00', 6: 80.699, 7: (20.0, 55.0, 56.0), 27: b'ASCII\x00\x00\x00CELLID\x00', 29: '2025:01:22'}","['Texte', 'Imprimé', 'Surface', 'Noir', 'Motif']",Motif
IMG_20250122_162438.jpg,photos_victor\IMG_20250122_162438.jpg,2025:01:22 16:24:38,"{1: 'N', 2: (48.0, 24.0, 22.63), 3: 'W', 4: (71.0, 3.0, 13.63), 5: b'\x00', 6: 81.099, 7: (21.0, 24.0, 35.0), 27: b'ASCII\x00\x00\x00CELLID\x00', 29: '2025:01:22'}","['Revêtement', 'Noir', 'Surface', 'Platine', 'Reflet']",Reflet
IMG_20250124_092053.jpg,photos_victor\IMG_20250124_092053.jpg,2025:01:24 09:20:53,"{1: 'N', 2: (48.0, 25.0, 30.42), 3: 'W', 4: (71.0, 4.0, 2.25), 5: b'\x01', 6: 19.1, 7: (14.0, 20.0, 47.0), 27: b'ASCII\x00\x00\x00CELLID\x00', 29: '2025:01:24'}","['Voiture', 'Police', 'Neige', 'Retour', 'Éclair']",Neige
IMG_20250124_092101.jpg,photos_victor\IMG_20250124_092101.jpg,2025:01:24 09:21:01,"{1: 'N', 2: (48.0, 25.0, 30.47), 3: 'W', 4: (71.0, 4.0, 2.31), 5: b'\x01', 6: 19.1, 7: (14.0, 21.0, 0.0), 27: b'ASCII\x00\x00\x00CELLID\x00', 29: '2025:01:24'}","['Selfie', 'Lunettes', 'Voiture', 'Intérieur', 'Ombre']",Autres
IMG_20250124_092335.jpg,photos_victor\IMG_20250124_092335.jpg,2025:01:24 09:23:35,"{1: 'N', 2: (48.0, 25.0, 30.44), 3: 'W', 4: (71.0, 4.0, 2.18), 5: b'\x01', 6: 19.1, 7: (14.0, 23.0, 21.0), 27: b'ASCII\x00\x00\x00CELLID\x00', 29: '2025:01:24'}","['tableau de bord', 'voiture', 'compteur', 'affichage numérique', 'instrumentation']",Paysage
IMG_20250124_122637.jpg,photos_victor\IMG_20250124_122637.jpg,2025:01:24 12:26:38,"{1: 'N', 2: (48.0, 24.0, 8.12), 3: 'W', 4: (71.0, 3.0, 40.32), 5: b'\x00', 6: 76.921, 7: (17.0, 26.0, 38.0), 27: b'ASCII\x00\x00\x00GPS\x00', 29: '2025:01:24'}","['Bol', 'Poulet', 'Sauce', 'Table', 'Restaurant']",Autres
IMG_20250217_082849.jpg,photos_victor\IMG_20250217_082849.jpg,2025:02:17 08:28:49,"{1: 'N', 2: (48.0, 25.0, 27.83), 3: 'W', 4: (71.0, 3.0, 17.51), 5: b'\x00', 6: 47.318, 7: (13.0, 28.0, 47.0), 27: b'ASCII\x00\x00\x00GPS\x00', 29: '2025:02:17'}","['Neige', 'Route', 'Bouclier', 'Éclairage', 'Parking']",Neige
IMG_20250217_082926.jpg,photos_victor\IMG_20250217_082926.jpg,2025:02:17 08:29:27,"{1: 'N', 2: (48.0, 25.0, 37.42), 3: 'W', 4: (71.0, 3.0, 9.59), 5: b'\x00', 6: 0.0, 7: (13.0, 29.0, 24.0), 27: b'ASCII\x00\x00\x00CELLID\x00', 29: '2025:02:17'}","['neige', 'conteneur', 'arbres', 'paysage', 'hiver']",Autres
IMG_20250217_082952.jpg,photos_victor\IMG_20250217_082952.jpg,2025:02:17 08:29:52,"{1: 'N', 2: (48.0, 25.0, 26.61), 3: 'W', 4: (71.0, 3.0, 16.49), 5: b'\x00', 6: 48.2, 7: (13.0, 29.0, 42.0), 27: b'ASCII\x00\x00\x00CELLID\x00', 29: '2025:02:17'}","['ski', 'homme', 'neige', 'chemin', 'montagne']",Ski
IMG_20250217_082956.jpg,photos_victor\IMG_20250217_082956.jpg,2025:02:17 08:29:56,"{1: 'N', 2: (48.0, 25.0, 26.61), 3: 'W', 4: (71.0, 3.0, 16.49), 5: b'\x00', 6: 48.2, 7: (13.0, 29.0, 42.0), 27: b'ASCII\x00\x00\x00CELLID\x00', 29: '2025:02:17'}","['neige', 'montagne', 'homme', 'marche', 'pylône']",Ski
IMG_20250217_083141.jpg,photos_victor\IMG_20250217_083141.jpg,2025:02:17 08:31:42,"{1: 'N', 2: (48.0, 25.0, 26.64), 3: 'W', 4: (71.0, 3.0, 16.32), 5: b'\x00', 6: 54.099, 7: (13.0, 31.0, 41.0), 27: b'ASCII\x00\x00\x00CELLID\x00', 29: '2025:02:17'}","['neige', 'homme', 'manteau', 'chemin', 'hiver']",Autres
IMG_20250218_184256.jpg,photos_victor\IMG_20250218_184256.jpg,2025:02:18 18:42:57,"{1: 'N', 2: (48.0, 25.0, 23.88), 3: 'W', 4: (71.0, 3.0, 6.67), 5: b'\x00', 6: 49.099, 7: (23.0, 42.0, 53.0), 27: b'ASCII\x00\x00\x00CELLID\x00', 29: '2025:02:18'}","['neige', 'forêt', 'chemin', 'femme', 'hiver']",Paysage
IMG_20250218_184300.jpg,photos_victor\IMG_20250218_184300.jpg,2025:02:18 18:43:00,"{1: 'N', 2: (48.0, 25.0, 23.88), 3: 'W', 4: (71.0, 3.0, 6.67), 5: b'\x00', 6: 49.099, 7: (23.0, 42.0, 53.0), 27: b'ASCII\x00\x00\x00CELLID\x00', 29: '2025:02:18'}","['neige', 'chemin', 'forêt', 'homme', 'hiver']",Paysage
IMG_20250219_082942.jpg,photos_victor\IMG_20250219_082942.jpg,2025:02:19 08:29:43,"{1: 'N', 2: (48.0, 25.0, 30.45), 3: 'W', 4: (71.0, 4.0, 2.19), 5: b'\x01', 6: 18.7, 7: (13.0, 29.0, 42.0), 27: b'ASCII\x00\x00\x00CELLID\x00', 29: '2025:02:19'}","['neige', 'voiture', 'garage', 'arbre', 'hiver']",Hiver
IMG_20250219_082954.jpg,photos_victor\IMG_20250219_082954.jpg,2025:02:19 08:29:54,"{1: 'N', 2: (48.0, 25.0, 30.45), 3: 'W', 4: (71.0, 4.0, 2.19), 5: b'\x01', 6: 18.7, 7: (13.0, 29.0, 42.0), 27: b'ASCII\x00\x00\x00CELLID\x00', 29: '2025:02:19'}","['neige', 'voitures', 'garage', 'hiver', 'parking']",Autres
IMG_20250219_083342.jpg,photos_victor\IMG_20250219_083342.jpg,2025:02:19 08:33:42,"{1: 'N', 2: (48.0, 25.0, 30.29), 3: 'W', 4: (71.0, 4.0, 2.37), 5: b'\x01', 6: 18.7, 7: (13.0, 33.0, 39.0), 27: b'ASCII\x00\x00\x00CELLID\x00', 29: '2025:02:19'}","['neige', 'voiture', 'route', 'hiver', 'pneus']",Neige
IMG_20250219_085328.jpg,photos_victor\IMG_20250219_085328.jpg,2025:02:19 08:53:29,"{1: 'N', 2: (48.0, 25.0, 10.4), 3: 'W', 4: (71.0, 3.0, 21.7), 5: b'\x00', 6: 57.099, 7: (13.0, 53.0, 26.0), 27: b'ASCII\x00\x00\x00CELLID\x00', 29: '2025:02:19'}","['neige', 'parking', 'route', 'hiver', 'déneigement']",Autres
IMG_20250220_085521.jpg,photos_victor\IMG_20250220_085521.jpg,2025:02:20 08:55:21,"{1: 'N', 2: (48.0, 25.0, 26.68), 3: 'W', 4: (71.0, 3.0, 14.99), 5: b'\x00', 6: 54.099, 7: (13.0, 55.0, 19.0), 27: b'ASCII\x00\x00\x00CELLID\x00', 29: '2025:02:20'}","['Route', 'Neige', 'Bâtiments', 'Toits', 'Ville']",Neige
IMG_20250220_085523.jpg,photos_victor\IMG_20250220_085523.jpg,2025:02:20 08:55:24,"{1: 'N', 2: (48.0, 25.0, 26.68), 3: 'W', 4: (71.0, 3.0, 14.99), 5: b'\x00', 6: 54.099, 7: (13.0, 55.0, 19.0), 27: b'ASCII\x00\x00\x00CELLID\x00', 29: '2025:02:20'}","['Route', 'Neige', 'Personne', 'Bâtiment', 'Ville']",Neige
IMG_20250220_085526.jpg,photos_victor\IMG_20250220_085526.jpg,2025:02:20 08:55:26,"{1: 'N', 2: (48.0, 25.0, 26.68), 3: 'W', 4: (71.0, 3.0, 14.99), 5: b'\x00', 6: 54.099, 7: (13.0, 55.0, 19.0), 27: b'ASCII\x00\x00\x00CELLID\x00', 29: '2025:02:20'}","['Route', 'Neige', 'Bâtiments', 'Ville', 'Personne']",Ville
IMG_20250221_101424.jpg,photos_victor\IMG_20250221_101424.jpg,2025:02:21 10:14:24,"{1: 'N', 2: (48.0, 25.0, 11.53), 3: 'W', 4: (71.0, 3.0, 9.94), 5: b'\x00', 6: 74.8, 7: (15.0, 14.0, 27.0), 27: b'ASCII\x00\x00\x00CELLID\x00', 29: '2025:02:21'}","['Écrit', 'Tableau', 'Écriture', 'Retour', 'Étoiles']",Motif
IMG_20250221_155338.jpg,photos_victor\IMG_20250221_155338.jpg,2025:02:21 15:53:38,"{1: 'N', 2: (48.0, 25.0, 13.31), 3: 'W', 4: (71.0, 3.0, 12.03), 5: b'\x00', 6: 59.399, 7: (20.0, 53.0, 31.0), 27: b'ASCII\x00\x00\x00CELLID\x00', 29: '2025:02:21'}","['produits laitiers', 'boîtes', 'supermarché', 'rayon', 'Norvège']",Digital
IMG_20250222_113748.jpg,photos_victor\IMG_20250222_113748.jpg,2025:02:22 11:37:48,"{1: 'N', 2: (48.0, 23.0, 29.89), 3: 'W', 4: (71.0, 2.0, 58.8), 5: b'\x00', 6: 0.0, 7: (16.0, 37.0, 47.0), 27: b'ASCII\x00\x00\x00CELLID\x00', 29: '2025:02:22'}","['Glace', 'Arbres', 'Forêt', 'Reflet', 'Silence']",Autres
IMG_20250222_113756.jpg,photos_victor\IMG_20250222_113756.jpg,2025:02:22 11:37:57,"{1: 'N', 2: (48.0, 23.0, 29.89), 3: 'W', 4: (71.0, 2.0, 58.8), 5: b'\x00', 6: 0.0, 7: (16.0, 37.0, 52.0), 27: b'ASCII\x00\x00\x00CELLID\x00', 29: '2025:02:22'}","['Neige', 'Sentier', 'Forêt', 'Blanc', 'Piste']",Autres
IMG_20250222_113802.jpg,photos_victor\IMG_20250222_113802.jpg,2025:02:22 11:38:02,"{1: 'N', 2: (48.0, 23.0, 29.89), 3: 'W', 4: (71.0, 2.0, 58.8), 5: b'\x00', 6: 0.0, 7: (16.0, 38.0, 2.0), 27: b'ASCII\x00\x00\x00CELLID\x00', 29: '2025:02:22'}","['neiges', 'ski', 'pattes', 'piste', 'neige']",Autres
IMG_20250222_115044.jpg,photos_victor\IMG_20250222_115044.jpg,2025:02:22 11:50:44,"{1: 'N', 2: (48.0, 23.0, 29.89), 3: 'W', 4: (71.0, 2.0, 58.8), 5: b'\x00', 6: 0.0, 7: (16.0, 50.0, 43.0), 27: b'ASCII\x00\x00\x00CELLID\x00', 29: '2025:02:22'}","['neige', 'chemin', 'forêt', 'arbres', 'soleil']",Neige
IMG_20250222_115520.jpg,photos_victor\IMG_20250222_115520.jpg,2025:02:22 11:55:20,"{1: 'N', 2: (48.0, 23.0, 37.94), 3: 'W', 4: (71.0, 4.0, 27.04), 5: b'\x00', 6: 0.0, 7: (16.0, 55.0, 16.0), 27: b'ASCII\x00\x00\x00CELLID\x00', 29: '2025:02:22'}","['neige', 'sentier', 'arbre', 'hiver', 'piste']",Neige
IMG_20250222_121148.jpg,photos_victor\IMG_20250222_121148.jpg,2025:02:22 12:11:48,"{1: 'N', 2: (48.0, 24.0, 5.54), 3: 'W', 4: (71.0, 3.0, 3.15), 5: b'\x00', 6: 0.0, 7: (17.0, 11.0, 46.0), 27: b'ASCII\x00\x00\x00CELLID\x00', 29: '2025:02:22'}","['Pont', 'Neige', 'Bois', 'Montagnes', 'Retour']",Neige
IMG_20250222_121156.jpg,photos_victor\IMG_20250222_121156.jpg,2025:02:22 12:11:57,"{1: 'N', 2: (48.0, 24.0, 9.7), 3: 'W', 4: (71.0, 3.0, 7.1), 5: b'\x00', 6: 0.0, 7: (17.0, 11.0, 56.0), 27: b'ASCII\x00\x00\x00CELLID\x00', 29: '2025:02:22'}","['Portrait', 'Casquette Timberland', 'Écouteurs', 'Neige', 'Paysage']",Autres
IMG_20250222_134940.jpg,photos_victor\IMG_20250222_134940.jpg,2025:02:22 13:49:40,"{1: 'N', 2: (48.0, 24.0, 57.48), 3: 'W', 4: (71.0, 2.0, 46.7), 5: b'\x00', 6: 67.3, 7: (18.0, 49.0, 37.0), 27: b'ASCII\x00\x00\x00CELLID\x00', 29: '2025:02:22'}","['Poutine', 'Frites', 'Sauce', 'Table', 'Québec']",Autres
IMG_20250222_171439.jpg,photos_victor\IMG_20250222_171439.jpg,2025:02:22 17:14:40,"{1: 'N', 2: (48.0, 25.0, 30.47), 3: 'W', 4: (71.0, 4.0, 2.17), 5: b'\x01', 6: 18.7, 7: (22.0, 14.0, 35.0), 27: b'ASCII\x00\x00\x00CELLID\x00', 29: '2025:02:22'}","['Table', 'Sacs', 'Boîtes', 'Chaises', 'Cuisine']",Neige
IMG_20250222_221529.jpg,photos_victor\IMG_20250222_221529.jpg,2025:02:22 22:15:30,{},"['coupe', 'pain', 'fromage', 'table', 'découpe']",Repas
IMG_20250222_221833.jpg,photos_victor\IMG_20250222_221833.jpg,2025:02:22 22:18:33,{},"['Plateau', 'Saucisson', 'Fromage', 'Épineaux', 'Zigzag']",Autres
IMG_20250224_144236.jpg,photos_victor\IMG_20250224_144236.jpg,2025:02:24 14:42:37,"{1: 'N', 2: (48.0, 25.0, 11.0), 3: 'W', 4: (71.0, 3.0, 10.09), 5: b'\x00', 6: 75.599, 7: (19.0, 42.0, 35.0), 27: b'ASCII\x00\x00\x00CELLID\x00', 29: '2025:02:24'}","['tableau blanc', 'écriture', 'flèche', 'carte', 'classe']",Éducation
IMG_20250228_085044.jpg,photos_victor\IMG_20250228_085044.jpg,2025:02:28 08:50:44,"{1: 'N', 2: (48.0, 25.0, 11.35), 3: 'W', 4: (71.0, 3.0, 10.04), 5: b'\x00', 6: 74.8, 7: (13.0, 50.0, 37.0), 27: b'ASCII\x00\x00\x00CELLID\x00', 29: '2025:02:28'}","['routeur', 'ordinateur', 'bureau', 'table', 'électricité']",Technologie
IMG_20250228_085048.jpg,photos_victor\IMG_20250228_085048.jpg,2025:02:28 08:50:48,"{1: 'N', 2: (48.0, 25.0, 11.35), 3: 'W', 4: (71.0, 3.0, 10.04), 5: b'\x00', 6: 74.8, 7: (13.0, 50.0, 37.0), 27: b'ASCII\x00\x00\x00CELLID\x00', 29: '2025:02:28'}","['routeur', 'wifi', 'bureau', 'connexion', 'technologie']",Technologie
